{"stopItem":{},"codeItem":[{"uname":"class_python_application1_1_1_a1","posX":-517.24747032576818,"posY":21.783672160628981},{"uname":"class_python_application1_1_1_a1_1a8a314f221cb5002736ea5b4d3f43a9e4","posX":-517.25324867318216,"posY":-5.8727586604552986}],"codeData":{},"edgeItem":[],"edgeData":[],"scheme":{},"extension":[],"anchorItem":[],"macro":[]}